Cantidad de Datos,Promedio de Tiempos (ms)
1000,0.046
2000,0.1126
4000,0.18280000000000002
8000,0.36499999999999994
16000,0.6156
25000,0.7091999999999999
